Pickers,EffectivePickers,Before_Utilization,After_Utilization,Before_LPMH,After_LPMH,Before_AvgService,After_AvgService,Before_Capacity,After_Capacity,Before_TheoreticalLPMH,After_TheoreticalLPMH,ServiceTime_Reduction_Pct,Capacity_Gain_Pct,After_FillRate,After_Stockouts,After_AvgStockWait,After_TotalStockWait,After_Replenishments
20,17.77777777777778,22.5558715759511,14.760570114171086,2.65078125,3.1921874999999997,5.812756593105725,2.8866675739977077,1651.5399959093713,3325.6340586197416,10.32212497443357,20.785212866373385,50.33909423591783,101.36563854686304,49.82300884955752,22,24.142857142857142,507,37
30,26.666666666666664,18.138620473160323,13.241123540965441,2.0812500000000003,2.6015625000000004,5.812756593105725,2.8866675739977077,2477.309993864057,4988.451087929612,10.32212497443357,20.785212866373385,50.33909423591783,101.36563854686304,49.82300884955752,22,24.142857142857142,507,37
40,35.55555555555556,16.61914464081931,10.226843102651802,1.7718749999999999,1.96171875,5.812756593105725,2.8866675739977077,3303.0799918187427,6651.268117239483,10.32212497443357,20.785212866373385,50.33909423591783,101.36563854686304,49.82300884955752,22,24.142857142857142,507,37
50,44.44444444444444,14.708798140039459,8.613484827469673,1.56375,1.5778125,5.812756593105725,2.8866675739977077,4128.849989773428,8314.085146549354,10.32212497443357,20.785212866373385,50.33909423591783,101.3656385468631,49.82300884955752,22,24.142857142857142,507,37
60,53.33333333333333,12.490249546183543,7.459771477298021,1.3101562500000001,1.31953125,5.812756593105725,2.8866675739977077,4954.619987728114,9976.902175859224,10.32212497443357,20.785212866373385,50.33909423591783,101.36563854686304,49.82300884955752,22,24.142857142857142,507,37
