Pickers,EffectivePickers,Before_Utilization,After_Utilization,Before_LPMH,After_LPMH,Before_AvgService,After_AvgService,Before_Capacity,After_Capacity,Before_TheoreticalLPMH,After_TheoreticalLPMH,ServiceTime_Reduction_Pct,Capacity_Gain_Pct
20,17.77777777777778,41.93028427079894,18.548429943110687,5.51953125,5.5125,5.127779987256945,2.2712363195645757,1872.1552063187144,4226.772844950119,11.700970039491965,26.417330280938245,55.70721978694817,125.77042921892003
30,26.666666666666664,27.953522847199295,12.36561996207379,3.6796875000000004,3.6750000000000003,5.127779987256946,2.2712363195645757,2808.232809478071,6340.159267425179,11.700970039491962,26.417330280938245,55.70721978694818,125.77042921892007
40,35.55555555555556,20.96514213539947,9.274214971555343,2.759765625,2.75625,5.127779987256946,2.2712363195645757,3744.310412637428,8453.545689900238,11.700970039491962,26.417330280938245,55.70721978694818,125.77042921892007
50,44.44444444444444,16.772113708319576,7.419371977244274,2.2078125,2.205,5.127779987256946,2.2712363195645757,4680.388015796785,10566.932112375298,11.700970039491962,26.417330280938245,55.70721978694818,125.77042921892007
60,53.33333333333333,13.976761423599648,6.182809981036895,1.8398437500000002,1.8375000000000001,5.127779987256946,2.2712363195645757,5616.465618956142,12680.318534850358,11.700970039491962,26.417330280938245,55.70721978694818,125.77042921892007
