DeliveryHour,OrderCount,Percentage
0,4067,1.97262479871176
1,34937,16.9455600178492
3,4106,1.99154104340066
4,10414,5.05112236385154
5,4090,1.98378053275906
6,9939,4.82073220417904
8,15204,7.37442523718061
9,12451,6.03913237491027
10,39496,19.1568205187901
11,4920,2.38635702229207
13,13627,6.60952990706789
14,3997,1.93867256465475
15,11166,5.41586636400675
16,3725,1.80674388374755
17,2766,1.34159827716664
18,6650,3.22546223541509
22,4883,2.36841084143337
23,19734,9.57161981258367
